date,price,return,energy,state,regime,raw_signal,action,invested,position,cash,total_value,stop_triggered,strategy_return
2008-01-07,101.39896392822266,-0.0008491293698775,7.615444543425803e-06,0,0,BUY,BUY,True,986,20.621566772460938,100000.0,False,
2008-01-08,99.7615203857422,-0.0161485234073947,2.6543834151211617e-06,0,0,BUY,HOLD,True,986,20.621566772460938,98385.48066711427,False,-0.01614519332885722
2008-01-09,100.8100357055664,0.0105102179254084,2.0135097344345515e-05,1,1,SELL,SELL,False,0,99419.31677246094,99419.31677246094,False,0.010508014986933212
2008-01-10,101.47079467773438,0.0065544959640508,2.304525910696711e-05,1,1,SELL,HOLD,False,0,99419.31677246094,99419.31677246094,False,0.0
2008-01-11,100.65200805664062,-0.0080691850664437,1.6001780682629743e-05,1,1,SELL,HOLD,False,0,99419.31677246094,99419.31677246094,False,0.0
2008-01-14,101.46358489990234,0.0080631957467258,4.06646952856264e-06,0,0,BUY,BUY,True,979,86.46715545654297,99419.31677246094,False,0.0
2008-01-15,99.23004150390624,-0.022013251337409,1.1075597263444524e-05,1,1,SELL,SELL,False,0,97232.67778778075,97232.67778778075,True,-0.021994105930990382
2008-01-16,98.37541198730467,-0.0086126086782692,1.7949356923726083e-05,1,1,SELL,HOLD,False,0,97232.67778778075,97232.67778778075,False,0.0
2008-01-17,95.8259048461914,-0.0259161012859828,2.7100186304607874e-05,1,1,SELL,HOLD,False,0,97232.67778778075,97232.67778778075,False,0.0
2008-01-18,94.84202575683594,-0.0102673602814883,2.2246328646845913e-05,1,1,SELL,HOLD,False,0,97232.67778778075,97232.67778778075,False,0.0
2008-01-22,93.87967681884766,-0.0101468619033469,3.016445205358079e-06,0,0,BUY,BUY,True,1035,67.21228027342295,97232.67778778075,False,0.0
2008-01-23,96.13475036621094,0.0240208916751463,7.43237671297523e-05,1,1,SELL,SELL,False,0,99566.67890930174,99566.67890930174,False,0.024004287186404127
2008-01-24,96.94627380371094,0.0084415202037622,8.183950172788676e-05,1,1,SELL,HOLD,False,0,99566.67890930174,99566.67890930174,False,0.0
2008-01-25,95.54581451416016,-0.0144457258087744,6.423230547117376e-05,1,1,SELL,HOLD,False,0,99566.67890930174,99566.67890930174,False,0.0
2008-01-28,97.1258544921875,0.0165369878948824,1.3631301119832457e-05,1,1,SELL,HOLD,False,0,99566.67890930174,99566.67890930174,False,0.0
2008-01-29,97.60697174072266,0.0049535445639128,2.147075375253811e-05,1,1,SELL,HOLD,False,0,99566.67890930174,99566.67890930174,False,0.0
2008-01-30,96.8888168334961,-0.0073576189735117,1.0090871527631411e-05,0,0,BUY,BUY,True,1027,61.86402130125498,99566.67890930174,False,0.0
2008-01-31,98.655517578125,0.0182343102369078,4.557698000403568e-07,0,0,BUY,HOLD,True,1027,61.86402130125498,101381.08057403563,False,0.01822298066591821
2008-02-01,100.2426986694336,0.0160881127611713,2.738258850232423e-05,1,1,SELL,SELL,False,0,103011.11555480956,103011.11555480956,False,0.016078295590700176
2008-02-04,98.97872161865234,-0.0126091682243054,3.2493123884338594e-05,1,1,SELL,HOLD,False,0,103011.11555480956,103011.11555480956,False,0.0
2008-02-05,96.3286590576172,-0.0267740633309589,0.00012149055318560667,1,1,SELL,HOLD,False,0,103011.11555480956,103011.11555480956,False,0.0
2008-02-06,95.55301666259766,-0.0080520418596878,0.00011060057888696472,1,1,SELL,HOLD,False,0,103011.11555480956,103011.11555480956,False,0.0
2008-02-07,96.18504333496094,0.0066144083613288,7.70274856874903e-05,1,1,SELL,HOLD,False,0,103011.11555480956,103011.11555480956,False,0.0
2008-02-08,95.56736755371094,-0.0064217445855793,3.228117189154631e-05,1,1,SELL,HOLD,False,0,103011.11555480956,103011.11555480956,False,0.0
2008-02-11,96.05575561523438,0.0051104061357445,1.5068539111639835e-05,1,1,SELL,HOLD,False,0,103011.11555480956,103011.11555480956,False,0.0
2008-02-12,96.94627380371094,0.009270846736594,3.5989769938016655e-06,0,0,BUY,BUY,True,1062,54.172775268540136,103011.11555480956,False,0.0
2008-02-13,97.93737030029295,0.0102231520376814,1.2336422281934723e-05,0,0,BUY,HOLD,True,1062,54.172775268540136,104063.66003417966,False,0.010217775758481817
2008-02-14,97.07555389404295,-0.0087996686413727,2.1567632267678855e-05,1,1,SELL,SELL,False,0,103148.41101074216,103148.41101074216,False,-0.008795087767784482
2008-02-15,97.0539779663086,-0.0002222591256901,1.3686883275607304e-05,1,1,SELL,HOLD,False,0,103148.41101074216,103148.41101074216,False,0.0
2008-02-19,97.3269271850586,0.0028123444754089,1.0804103247916012e-05,0,0,BUY,BUY,True,1059,79.19512176510761,103148.41101074216,False,0.0
2008-02-20,97.61418151855467,0.0029514374059083,5.624203369363956e-06,0,0,BUY,HOLD,True,1059,79.19512176510761,103452.6133499145,False,0.0029491713560247934
2008-02-21,96.8026351928711,-0.0083138158109673,8.661312270394764e-06,0,0,BUY,HOLD,True,1059,79.19512176510761,102593.1857910156,False,-0.008307451412484013
2008-02-22,97.39871215820312,0.0061576522596145,2.023592136326605e-06,0,0,BUY,HOLD,True,1059,79.19512176510761,103224.43129730222,False,0.006152898961267139
2008-02-25,98.6268081665039,0.0126089553043164,1.3790376649143015e-05,0,0,BUY,HOLD,True,1059,79.19512176510761,104524.98497009274,False,0.012599281550360164
2008-02-26,99.3665008544922,0.0074999151015768,1.7698932127931925e-05,0,0,BUY,HOLD,True,1059,79.19512176510761,105308.31952667235,False,0.007494232664120748
2008-02-27,99.2659912109375,-0.0010115043066865,1.7969695747193348e-05,1,1,SELL,SELL,False,0,105201.87981414792,105201.87981414792,False,-0.0010107436240824885
2008-02-28,98.2964324951172,-0.0097672798507599,2.1761300913171294e-05,1,1,SELL,HOLD,False,0,105201.87981414792,105201.87981414792,False,0.0
2008-02-29,96.10599517822266,-0.0222839960850393,4.505899034394683e-05,1,1,SELL,HOLD,False,0,105201.87981414792,105201.87981414792,False,0.0
2008-03-03,95.87619018554688,-0.0023911618858909,3.5827538909556894e-05,1,1,SELL,HOLD,False,0,105201.87981414792,105201.87981414792,False,0.0
2008-03-04,95.50990295410156,-0.0038204191336393,1.6352099382768943e-05,1,1,SELL,HOLD,False,0,105201.87981414792,105201.87981414792,False,0.0
2008-03-05,96.11322021484376,0.0063168032013614,2.1488050676953334e-05,1,1,SELL,HOLD,False,0,105201.87981414792,105201.87981414792,False,0.0
2008-03-06,94.1238784790039,-0.0206978991172392,2.8058472342924896e-05,1,1,SELL,HOLD,False,0,105201.87981414792,105201.87981414792,False,0.0
2008-03-07,93.15432739257812,-0.0103007982893741,1.9359685926051315e-05,1,1,SELL,HOLD,False,0,105201.87981414792,105201.87981414792,False,0.0
2008-03-10,91.92623901367188,-0.0131833744419702,1.9093847416070395e-05,1,1,SELL,HOLD,False,0,105201.87981414792,105201.87981414792,False,0.0
2008-03-11,95.2298355102539,0.035937470433123,0.00011775929824164658,1,1,SELL,HOLD,False,0,105201.87981414792,105201.87981414792,False,0.0
2008-03-12,94.3393096923828,-0.0093513321019567,8.486498598760262e-05,1,1,SELL,HOLD,False,0,105201.87981414792,105201.87981414792,False,0.0
2008-03-13,94.5475845336914,0.0022077206414561,3.908845030999911e-05,1,1,SELL,HOLD,False,0,105201.87981414792,105201.87981414792,False,0.0
2008-03-14,93.0824737548828,-0.0154960149012216,5.241013901610577e-05,1,1,SELL,HOLD,False,0,105201.87981414792,105201.87981414792,False,0.0
2008-03-17,92.1417007446289,-0.0101068758951472,4.149956685444999e-05,1,1,SELL,HOLD,False,0,105201.87981414792,105201.87981414792,False,0.0
2008-03-18,95.96955871582033,0.0415431660177441,8.45361416699818e-05,1,1,SELL,HOLD,False,0,105201.87981414792,105201.87981414792,False,0.0
2008-03-19,93.5924072265625,-0.0247698491174362,5.9374547454575506e-05,1,1,SELL,HOLD,False,0,105201.87981414792,105201.87981414792,False,0.0
2008-03-20,95.32601165771484,0.0185229174302115,1.97612241079983e-05,1,1,SELL,HOLD,False,0,105201.87981414792,105201.87981414792,False,0.0
2008-03-24,97.2313232421875,0.0199873208932104,9.856580564380218e-06,1,1,SELL,HOLD,False,0,105201.87981414792,105201.87981414792,False,0.0
2008-03-25,97.32520294189452,0.0009655293847352,2.0348964636815636e-05,1,1,SELL,HOLD,False,0,105201.87981414792,105201.87981414792,False,0.0
2008-03-26,96.13433837890624,-0.0122359319784748,9.011015446933897e-05,1,1,SELL,HOLD,False,0,105201.87981414792,105201.87981414792,False,0.0
2008-03-27,95.8311996459961,-0.0031532825629418,5.3317427412573085e-05,1,1,SELL,HOLD,False,0,105201.87981414792,105201.87981414792,False,0.0
2008-03-28,94.91462707519533,-0.0095644484696699,2.1711194904027958e-05,1,1,SELL,HOLD,False,0,105201.87981414792,105201.87981414792,False,0.0
2008-03-31,95.2466049194336,0.0034976468271352,6.0852321422438325e-06,0,0,BUY,BUY,True,1104,49.627983093232615,105201.87981414792,False,0.0
2008-04-01,98.59542083740234,0.0351594255858402,6.977094833659766e-05,1,1,SELL,SELL,False,0,108898.97258758542,108898.97258758542,False,0.035142839462268816
2008-04-02,98.66036987304688,0.0006587429222666,7.334772727234924e-05,1,1,SELL,HOLD,False,0,108898.97258758542,108898.97258758542,False,0.0
2008-04-03,98.90577697753906,0.0024873929097162,5.319601415221608e-05,1,1,SELL,HOLD,False,0,108898.97258758542,108898.97258758542,False,0.0
2008-04-04,98.79751586914062,-0.0010945883213983,3.3426656328346904e-05,1,1,SELL,HOLD,False,0,108898.97258758542,108898.97258758542,False,0.0
2008-04-07,98.84803771972656,0.0005113676203443,2.2532477023208207e-05,1,1,SELL,HOLD,False,0,108898.97258758542,108898.97258758542,False,0.0
2008-04-08,98.74703216552734,-0.0010218265989823,2.2199461812027742e-07,0,0,BUY,BUY,True,1102,79.7431411742873,108898.97258758542,False,0.0
2008-04-09,98.03247833251952,-0.007236205659427,1.724967303079516e-06,0,0,BUY,HOLD,True,1102,79.7431411742873,108111.5342636108,False,-0.007230906823673666
2008-04-10,98.1696319580078,0.0013990631250091,1.7655824884199586e-06,0,0,BUY,HOLD,True,1102,79.7431411742873,108262.67755889888,False,0.0013980311750969587
2008-04-11,96.26421356201172,-0.0194094482987482,6.070907349401569e-06,0,1,SELL,SELL,False,0,106162.9064865112,106162.9064865112,True,-0.019395151863349502
2008-04-14,95.93942260742188,-0.0033739532332087,7.586688917486074e-06,0,0,BUY,BUY,True,1106,53.905082702607615,106162.9064865112,False,0.0
2008-04-15,96.16321563720705,0.0023326493291595,1.012924722102446e-05,0,0,BUY,HOLD,True,1106,53.905082702607615,106410.4215774536,False,0.0023314649074142046
2008-04-16,98.7686767578125,0.027094155528607,7.468888904918406e-05,1,1,SELL,SELL,False,0,109292.06157684323,109292.06157684323,False,0.027080430249890153
2008-04-17,98.91297149658205,0.0014609362351116,6.608649502267768e-05,1,1,SELL,HOLD,False,0,109292.06157684323,109292.06157684323,False,0.0
2008-04-18,99.94507598876952,0.0104344705913841,1.7072820038641052e-05,1,1,SELL,HOLD,False,0,109292.06157684323,109292.06157684323,False,0.0
2008-04-21,99.9955825805664,0.0005053434728745,1.0017118792757126e-05,0,0,BUY,BUY,True,1092,96.88539886471699,109292.06157684323,False,0.0
2008-04-22,99.55531311035156,-0.0044028891962314,8.190031280134476e-06,0,0,BUY,HOLD,True,1092,96.88539886471699,108811.28731536862,False,-0.004398986116082915
2008-04-23,99.39659881591795,-0.0015942322863036,7.672332485843992e-06,0,0,BUY,HOLD,True,1092,96.88539886471699,108637.97130584712,False,-0.0015928127843867212
2008-04-24,99.82958221435548,0.004356118857139,7.787018570824955e-06,0,0,BUY,HOLD,True,1092,96.88539886471699,109110.7891769409,False,0.004352233987899634
2008-04-25,100.75340270996094,0.0092539753759746,9.180171780098521e-06,0,0,BUY,HOLD,True,1092,96.88539886471699,110119.60115814206,False,0.009245758268370707
2008-04-28,100.7750473022461,0.0002148274073427,8.28936324372555e-06,0,0,BUY,HOLD,True,1092,96.88539886471699,110143.23705291745,False,0.00021463839794932937
2008-04-29,100.37808990478516,-0.003939044516351,8.140159267464046e-06,0,0,BUY,HOLD,True,1092,96.88539886471699,109709.75957489011,False,-0.003935579610930495
2008-04-30,99.78626251220705,-0.0058959818137555,1.067081989589451e-05,0,0,BUY,HOLD,True,1092,96.88539886471699,109063.48406219481,False,-0.005890775034049112
2008-05-01,101.85039520263672,0.0206855396570964,2.7705659265643596e-05,1,1,SELL,SELL,False,0,111317.51696014401,111317.51696014401,False,0.02066716387552603
2008-05-02,102.1319351196289,0.0027642496274271,2.1864184436855856e-05,1,1,SELL,HOLD,False,0,111317.51696014401,111317.51696014401,False,0.0
2008-05-05,101.6410903930664,-0.0048059867463351,2.4239337962440625e-05,1,1,SELL,HOLD,False,0,111317.51696014401,111317.51696014401,False,0.0
2008-05-06,102.52167510986328,0.0086636685359382,7.357344811311684e-06,0,0,BUY,BUY,True,1085,81.49946594235371,111317.51696014401,False,0.0
2008-05-07,100.69566345214844,-0.0178109814900904,6.7559139727756444e-06,0,0,BUY,HOLD,True,1085,81.49946594235371,109336.29431152341,False,-0.01779794144465119
2008-05-08,100.43582153320312,-0.0025804678179491,8.98757083540107e-06,0,1,SELL,SELL,False,0,109054.36582946774,109054.36582946774,True,-0.002578544332702437
2008-05-09,100.24817657470705,-0.0018683071003113,7.193102114655486e-06,0,0,BUY,BUY,True,1087,84.59789276118681,109054.36582946774,False,0.0
2008-05-12,101.37411499023438,0.0112315101780258,2.6640298776078272e-05,1,1,SELL,SELL,False,0,110278.26088714595,110278.26088714595,False,0.01122279744024235
2008-05-13,101.3885269165039,0.0001421657419244,1.9928668180256208e-05,1,1,SELL,HOLD,False,0,110278.26088714595,110278.26088714595,False,0.0
2008-05-14,101.5978012084961,0.0020640825777509,4.270067759910673e-06,0,0,BUY,BUY,True,1085,44.64657592769072,110278.26088714595,False,0.0
2008-05-15,102.8680648803711,0.0125028657782484,9.7223096657442e-07,0,0,BUY,HOLD,True,1085,44.64657592769072,111656.49697113033,False,0.012497803945192842
2008-05-16,102.9619140625,0.0009123257275038,2.1164270308345703e-06,0,0,BUY,HOLD,True,1085,44.64657592769072,111758.32333374019,False,0.0009119609281329488
2008-05-19,103.24342346191406,0.002734111947872,3.974556521888113e-06,0,0,BUY,HOLD,True,1085,44.64657592769072,112063.76103210445,False,0.002733019691536942
2008-05-20,102.40617370605467,-0.0081094730084017,1.0472715286180076e-05,0,0,BUY,HOLD,True,1085,44.64657592769072,111155.34504699701,False,-0.008106242167324584
2008-05-21,100.6740493774414,-0.0169142568844057,2.2307512498442347e-05,1,1,SELL,SELL,False,0,109275.99015045162,109275.99015045162,False,-0.01690746311615332
2008-05-22,100.68840789794922,0.0001426238499058,1.8670909837786487e-05,1,1,SELL,HOLD,False,0,109275.99015045162,109275.99015045162,False,0.0
2008-05-23,99.33881378173828,-0.0134036692444158,3.2160042761367527e-06,1,1,SELL,HOLD,False,0,109275.99015045162,109275.99015045162,False,0.0
2008-05-27,100.07498168945312,0.0074106774551618,6.517650512109115e-06,0,0,BUY,BUY,True,1091,94.18512725825713,109275.99015045162,False,0.0
2008-05-28,100.53688049316406,0.00461552723681,1.0920550565807326e-05,0,0,BUY,HOLD,True,1091,94.18512725825713,109779.92174530025,False,0.004611549107492063
2008-05-29,101.04208374023438,0.0050250539363478,1.231792555998263e-05,0,0,BUY,HOLD,True,1091,94.18512725825713,110331.09848785396,False,0.0050207427168011964
2008-05-30,101.29470825195312,0.0025001910329582,8.214099694982013e-06,0,0,BUY,HOLD,True,1091,94.18512725825713,110606.71183013912,False,0.002498056722561204
2008-06-02,100.24817657470705,-0.0103315532993394,8.375256333200942e-06,0,0,BUY,HOLD,True,1091,94.18512725825713,109464.94577026364,False,-0.010322755653643378
2008-06-03,99.6635971069336,-0.0058313227007954,1.3882362142075945e-05,0,0,BUY,HOLD,True,1091,94.18512725825713,108827.16957092281,False,-0.005826305351480765
2008-06-04,99.61305236816406,-0.0005071534666293,1.0309272578889985e-05,0,0,BUY,HOLD,True,1091,94.18512725825713,108772.02526092525,False,-0.00050671454761686
2008-06-05,101.60504150390624,0.0199972703213622,3.743670490649073e-05,1,1,SELL,SELL,False,0,110945.28540801996,110945.28540801996,False,0.01997995478967529
2008-06-06,98.36446380615234,-0.031893867172224,4.944932671410739e-05,1,1,SELL,HOLD,False,0,110945.28540801996,110945.28540801996,False,0.0
2008-06-09,98.6026382446289,0.0024213463812086,2.8037853742525032e-05,1,1,SELL,HOLD,False,0,110945.28540801996,110945.28540801996,False,0.0
2008-06-10,98.11189270019533,-0.0049770021692124,2.4820552969195105e-05,1,1,SELL,HOLD,False,0,110945.28540801996,110945.28540801996,False,0.0
2008-06-11,96.6684112548828,-0.0147126042071515,2.8847726244233844e-06,1,1,SELL,HOLD,False,0,110945.28540801996,110945.28540801996,False,0.0
2008-06-12,97.03646850585938,0.0038074200889277,1.7753072103353711e-06,0,0,BUY,BUY,True,1143,32.6019058226957,110945.28540801996,False,0.0
2008-06-13,98.26342010498048,0.0126442317822705,3.116885611385895e-05,1,1,SELL,SELL,False,0,112347.69108581539,112347.69108581539,False,0.012640516202539365
2008-06-16,98.32115936279295,0.0005875966636497,2.703463233936612e-05,1,1,SELL,HOLD,False,0,112347.69108581539,112347.69108581539,False,0.0
2008-06-17,97.84484100341795,-0.0048445152850308,2.40308450840207e-05,1,1,SELL,HOLD,False,0,112347.69108581539,112347.69108581539,False,0.0
2008-06-18,96.89215850830078,-0.0097366655752847,2.066653028927092e-05,1,1,SELL,HOLD,False,0,112347.69108581539,112347.69108581539,False,0.0
2008-06-19,97.01485443115234,0.0012663142687758,1.6724841373031218e-05,1,1,SELL,HOLD,False,0,112347.69108581539,112347.69108581539,False,0.0
2008-06-20,95.44017028808594,-0.0162313714976906,1.0766841207212566e-06,1,1,SELL,HOLD,False,0,112347.69108581539,112347.69108581539,False,0.0
2008-06-23,95.34585571289062,-0.0009882062753097,1.5703709872095199e-06,0,0,BUY,BUY,True,1178,30.27305603022978,112347.69108581539,False,0.0
2008-06-24,95.15725708007812,-0.0019780475134694,2.390841428782861e-06,0,0,BUY,HOLD,True,1178,30.27305603022978,112125.52189636226,False,-0.0019775145114768744
2008-06-25,95.60694122314452,0.0047256946749525,1.0872915803449765e-05,0,0,BUY,HOLD,True,1178,30.27305603022978,112655.24981689447,False,0.0047244187725774545
2008-06-26,93.01024627685548,-0.0271601090158133,3.4550379431210145e-05,1,1,SELL,SELL,False,0,109596.34317016599,109596.34317016599,True,-0.027152810469998623
2008-06-27,92.50251007080078,-0.0054589276598984,2.6427256720175465e-05,1,1,SELL,HOLD,False,0,109596.34317016599,109596.34317016599,False,0.0
2008-06-30,92.8288803100586,0.0035282311691651,2.9568244108124528e-05,1,1,SELL,HOLD,False,0,109596.34317016599,109596.34317016599,False,0.0
2008-07-01,93.11904907226562,0.0031258457630625,3.38009907601454e-05,1,1,SELL,HOLD,False,0,109596.34317016599,109596.34317016599,False,0.0
2008-07-02,91.52328491210938,-0.017136817612021,4.113357465760079e-05,1,1,SELL,HOLD,False,0,109596.34317016599,109596.34317016599,False,0.0
2008-07-03,91.61760711669922,0.001030581503717,9.560669082722129e-06,0,0,BUY,BUY,True,1196,21.685058593720896,109596.34317016599,False,0.0
2008-07-07,90.681884765625,-0.0102133463263489,6.0800917632058e-06,0,0,BUY,HOLD,True,1196,21.685058593720896,108477.21923828122,False,-0.01021132548325221
2008-07-08,92.29217529296876,0.0177575767365849,2.5892969727401025e-05,1,1,SELL,SELL,False,0,110403.12670898436,110403.12670898436,False,0.017754026921290134
2008-07-09,90.51508331298828,-0.0192550665789308,2.1959918725564535e-05,1,1,SELL,HOLD,False,0,110403.12670898436,110403.12670898436,False,0.0
2008-07-10,90.88502502441406,0.004087072539574,2.818400168176176e-06,0,0,BUY,BUY,True,1214,68.70632934568857,110403.12670898436,False,0.0
2008-07-11,89.82601165771484,-0.0116522316675903,6.935058274090404e-06,0,0,BUY,HOLD,True,1214,68.70632934568857,109117.48448181151,False,-0.011644980223809442
2008-07-14,89.01363372802734,-0.0090439051528091,4.87605192677198e-06,0,1,SELL,SELL,False,0,108131.25767517088,108131.25767517088,True,-0.009038210616054032
2008-07-15,87.7587890625,-0.014097218740237,8.911721041655902e-06,0,0,BUY,BUY,True,1232,12.429550170883886,108131.25767517088,False,0.0
2008-07-16,89.91304016113281,0.02454741139487,5.5963423198585055e-05,1,1,SELL,SELL,False,0,110785.29502868651,110785.29502868651,False,0.024544589701235298
2008-07-17,90.81246948242188,0.010003324541993,6.612007317330216e-05,1,1,SELL,HOLD,False,0,110785.29502868651,110785.29502868651,False,0.0
2008-07-18,91.37825012207033,0.0062302087243422,4.923623638855752e-05,1,1,SELL,HOLD,False,0,110785.29502868651,110785.29502868651,False,0.0
2008-07-21,91.42902374267578,0.0005556422949404,2.6649022377350364e-05,1,1,SELL,HOLD,False,0,110785.29502868651,110785.29502868651,False,0.0
2008-07-22,92.46621704101562,0.0113442455785046,1.2516346389623109e-05,1,1,SELL,HOLD,False,0,110785.29502868651,110785.29502868651,False,0.0
2008-07-23,92.96671295166016,0.0054127434501027,1.4824894965325781e-06,0,0,BUY,BUY,True,1191,61.93990325926279,110785.29502868651,False,0.0
2008-07-24,91.03730010986328,-0.0207538029531076,2.75985511386428e-05,1,1,SELL,SELL,False,0,108487.36433410643,108487.36433410643,True,-0.020742199530949135
2008-07-25,91.0156021118164,-0.0002383418447239,3.144742102475134e-05,1,1,SELL,HOLD,False,0,108487.36433410643,108487.36433410643,False,0.0
2008-07-28,89.6809310913086,-0.0146642003078562,1.867710135879903e-05,1,1,SELL,HOLD,False,0,108487.36433410643,108487.36433410643,False,0.0
2008-07-29,91.59583282470705,0.0213523846161765,4.099015277566451e-05,1,1,SELL,HOLD,False,0,108487.36433410643,108487.36433410643,False,0.0
2008-07-30,93.22783660888672,0.0178174457707367,6.110690859071176e-05,1,1,SELL,HOLD,False,0,108487.36433410643,108487.36433410643,False,0.0
2008-07-31,91.99475860595705,-0.0132265002362196,5.493567775776096e-05,1,1,SELL,HOLD,False,0,108487.36433410643,108487.36433410643,False,0.0
2008-08-01,91.5087890625,-0.0052825786036201,6.206226352797328e-05,1,1,SELL,HOLD,False,0,108487.36433410643,108487.36433410643,False,0.0
2008-08-04,90.6601104736328,-0.0092742849901286,5.067494124869312e-05,1,1,SELL,HOLD,False,0,108487.36433410643,108487.36433410643,False,0.0
2008-08-05,93.10453033447266,0.0269624628524003,7.284282917507747e-05,1,1,SELL,HOLD,False,0,108487.36433410643,108487.36433410643,False,0.0
2008-08-06,93.51795959472656,0.0044404848912151,5.322338794058021e-05,1,1,SELL,HOLD,False,0,108487.36433410643,108487.36433410643,False,0.0
2008-08-07,92.12535095214844,-0.0148913497323208,5.7535674707011565e-05,1,1,SELL,HOLD,False,0,108487.36433410643,108487.36433410643,False,0.0
2008-08-08,93.83714294433594,0.0185811177324755,1.65521207341182e-05,1,1,SELL,HOLD,False,0,108487.36433410643,108487.36433410643,False,0.0
2008-08-11,94.80908966064452,0.0103578038057399,3.80043410385027e-05,1,1,SELL,HOLD,False,0,108487.36433410643,108487.36433410643,False,0.0
2008-08-12,93.8226318359375,-0.0104046756301311,2.5615125945397975e-05,1,1,SELL,HOLD,False,0,108487.36433410643,108487.36433410643,False,0.0
2008-08-13,93.2568588256836,-0.0060302402435613,4.113984276899289e-05,1,1,SELL,HOLD,False,0,108487.36433410643,108487.36433410643,False,0.0
2008-08-14,93.96041107177734,0.0075442413024959,3.572808044998843e-05,1,1,SELL,HOLD,False,0,108487.36433410643,108487.36433410643,False,0.0
2008-08-15,94.41741943359376,0.0048638395320268,1.676093471239748e-05,1,1,SELL,HOLD,False,0,108487.36433410643,108487.36433410643,False,0.0
2008-08-18,93.12629699707033,-0.0136746211056055,2.230806043535624e-05,1,1,SELL,HOLD,False,0,108487.36433410643,108487.36433410643,False,0.0
2008-08-19,92.11084747314452,-0.0109040040962621,2.718402608030071e-05,1,1,SELL,HOLD,False,0,108487.36433410643,108487.36433410643,False,0.0
2008-08-20,92.53880310058594,0.0046460936923435,2.7575434613130037e-05,1,1,SELL,HOLD,False,0,108487.36433410643,108487.36433410643,False,0.0
2008-08-21,92.69834899902344,0.0017240972769452,1.7976839680499613e-05,1,1,SELL,HOLD,False,0,108487.36433410643,108487.36433410643,False,0.0
2008-08-22,94.04022216796876,0.0144756965300369,2.3079298204282577e-05,1,1,SELL,HOLD,False,0,108487.36433410643,108487.36433410643,False,0.0
2008-08-25,92.13255310058594,-0.0202856716350101,3.30023491152133e-05,1,1,SELL,HOLD,False,0,108487.36433410643,108487.36433410643,False,0.0
2008-08-26,92.40094757080078,0.0029131339703765,1.6045972973370776e-05,1,1,SELL,HOLD,False,0,108487.36433410643,108487.36433410643,False,0.0
2008-08-27,93.30042266845705,0.0097344791509528,2.0157546281870505e-05,1,1,SELL,HOLD,False,0,108487.36433410643,108487.36433410643,False,0.0
2008-08-28,94.4319305419922,0.0121275750009832,3.814079701091078e-05,1,1,SELL,HOLD,False,0,108487.36433410643,108487.36433410643,False,0.0
2008-08-29,93.41642761230467,-0.0107538088426131,4.748160508083752e-05,1,1,SELL,HOLD,False,0,108487.36433410643,108487.36433410643,False,0.0
2008-09-02,92.83616638183594,-0.0062115544910038,2.656355735788636e-05,1,1,SELL,HOLD,False,0,108487.36433410643,108487.36433410643,False,0.0
2008-09-03,92.7563705444336,-0.0008595339565632,2.241925512538122e-05,1,1,SELL,HOLD,False,0,108487.36433410643,108487.36433410643,False,0.0
2008-09-04,89.96382141113281,-0.0301062785974689,1.0684685027091744e-05,1,1,SELL,HOLD,False,0,108487.36433410643,108487.36433410643,False,0.0
2008-09-05,90.24669647216795,0.0031443202011443,1.287734254093914e-05,1,1,SELL,HOLD,False,0,108487.36433410643,108487.36433410643,False,0.0
2008-09-08,92.11084747314452,0.02065616885546,7.25852903185566e-05,1,1,SELL,HOLD,False,0,108487.36433410643,108487.36433410643,False,0.0
2008-09-09,89.37629699707031,-0.0296876052179575,5.0086473053636886e-05,1,1,SELL,HOLD,False,0,108487.36433410643,108487.36433410643,False,0.0
2008-09-10,89.73897552490234,0.0040578826827422,3.226083169376197e-05,1,1,SELL,HOLD,False,0,108487.36433410643,108487.36433410643,False,0.0
2008-09-11,91.03730010986328,0.0144677892450495,4.499306597795932e-05,1,1,SELL,HOLD,False,0,108487.36433410643,108487.36433410643,False,0.0
2008-09-12,91.45801544189452,0.0046213511552246,4.617965520384932e-05,1,1,SELL,HOLD,False,0,108487.36433410643,108487.36433410643,False,0.0
2008-09-15,87.10598754882812,-0.0475849806278746,0.0001947176500236654,1,1,SELL,HOLD,False,0,108487.36433410643,108487.36433410643,False,0.0
2008-09-16,88.5639419555664,0.0167377059575957,0.00010445816276609378,1,1,SELL,HOLD,False,0,108487.36433410643,108487.36433410643,False,0.0
2008-09-17,84.58179473876953,-0.0449635272422129,2.1007581591495294e-05,1,1,SELL,HOLD,False,0,108487.36433410643,108487.36433410643,False,0.0
2008-09-18,87.09147644042969,0.0296716534499095,5.681527663824356e-05,1,1,SELL,HOLD,False,0,108487.36433410643,108487.36433410643,False,0.0
2008-09-19,90.5501937866211,0.0397136147824657,0.00016214223598833388,1,1,SELL,HOLD,False,0,108487.36433410643,108487.36433410643,False,0.0
2008-09-22,88.50023651123047,-0.0226389054475276,0.00015520275531738273,1,1,SELL,HOLD,False,0,108487.36433410643,108487.36433410643,False,0.0
2008-09-23,86.48668670654297,-0.0227519143910083,0.0003096612597686049,1,1,SELL,HOLD,False,0,108487.36433410643,108487.36433410643,False,0.0
2008-09-24,86.76392364501953,0.0032055446801568,0.00020607031232517254,1,1,SELL,HOLD,False,0,108487.36433410643,108487.36433410643,False,0.0
2008-09-25,88.12084197998047,0.0156391997728519,0.0001489602830732987,1,1,SELL,HOLD,False,0,108487.36433410643,108487.36433410643,False,0.0
2008-09-26,88.16460418701172,0.0004966158521406,7.671400662383463e-05,1,1,SELL,HOLD,False,0,108487.36433410643,108487.36433410643,False,0.0
2008-09-29,81.25592041015625,-0.0783611954089988,0.0003626314212247913,1,1,SELL,HOLD,False,0,108487.36433410643,108487.36433410643,False,0.0
2008-09-30,84.61907958984375,0.0413897124383213,0.0002569274542221506,1,1,SELL,HOLD,False,0,108487.36433410643,108487.36433410643,False,0.0
2008-10-01,84.6701431274414,0.0006034518201469,0.00021978792547596012,1,1,SELL,HOLD,False,0,108487.36433410643,108487.36433410643,False,0.0
2008-10-02,81.59880065917969,-0.0362742090046886,0.00014802964412823297,1,1,SELL,HOLD,False,0,108487.36433410643,108487.36433410643,False,0.0
2008-10-03,80.49717712402344,-0.0135004868485444,0.0001861600280069798,1,1,SELL,HOLD,False,0,108487.36433410643,108487.36433410643,False,0.0
2008-10-06,76.39716339111328,-0.050933633692436,0.00015598968368229888,1,1,SELL,HOLD,False,0,108487.36433410643,108487.36433410643,False,0.0
2008-10-07,72.97564697265625,-0.0447859091435197,7.607556540879443e-05,1,1,SELL,HOLD,False,0,108487.36433410643,108487.36433410643,False,0.0
2008-10-08,71.13720703125,-0.0251925130872098,5.737685268397712e-05,1,1,SELL,HOLD,False,0,108487.36433410643,108487.36433410643,False,0.0
2008-10-09,66.1690673828125,-0.0698388347781918,1.2193691860999589e-05,1,1,SELL,HOLD,False,0,108487.36433410643,108487.36433410643,False,0.0
2008-10-10,64.56409454345703,-0.024255636399862,2.079282613672362e-05,1,1,SELL,HOLD,False,0,108487.36433410643,108487.36433410643,False,0.0
2008-10-13,73.9386215209961,0.1451972190398986,0.001444897255828257,1,1,SELL,HOLD,False,0,108487.36433410643,108487.36433410643,False,0.0
2008-10-14,72.84436798095703,-0.014799485269391,0.0014431625578548767,1,1,SELL,HOLD,False,0,108487.36433410643,108487.36433410643,False,0.0
2008-10-15,65.67296600341797,-0.0984482695959941,0.002218521164944683,1,1,SELL,HOLD,False,0,108487.36433410643,108487.36433410643,False,0.0
2008-10-16,68.40875244140625,0.0416577262224748,0.001168248952488741,1,1,SELL,HOLD,False,0,108487.36433410643,108487.36433410643,False,0.0
2008-10-17,68.00018310546875,-0.0059724716700169,0.0009926482653612003,1,1,SELL,HOLD,False,0,108487.36433410643,108487.36433410643,False,0.0
2008-10-20,72.08563232421875,0.0600799737908563,0.00053437024144875,1,1,SELL,HOLD,False,0,108487.36433410643,108487.36433410643,False,0.0
2008-10-21,69.93348693847656,-0.0298553999784937,0.0004885582816533879,1,1,SELL,HOLD,False,0,108487.36433410643,108487.36433410643,False,0.0
2008-10-22,66.12528991699219,-0.0544545565822366,0.00035041907907334415,1,1,SELL,HOLD,False,0,108487.36433410643,108487.36433410643,False,0.0
2008-10-23,66.89130401611328,0.0115842834123325,0.0003500117024155207,1,1,SELL,HOLD,False,0,108487.36433410643,108487.36433410643,False,0.0
2008-10-24,63.49895858764648,-0.0507142965496624,0.00010939263422600635,1,1,SELL,HOLD,False,0,108487.36433410643,108487.36433410643,False,0.0
2008-10-27,61.24468612670898,-0.035500935937807,3.0006433466030157e-05,1,1,SELL,HOLD,False,0,108487.36433410643,108487.36433410643,False,0.0
2008-10-28,68.4014663696289,0.1168555297697711,0.0005922039179959782,1,1,SELL,HOLD,False,0,108487.36433410643,108487.36433410643,False,0.0
2008-10-29,67.90536499023438,-0.0072527886568058,0.0007492546172862505,1,1,SELL,HOLD,False,0,108487.36433410643,108487.36433410643,False,0.0
2008-10-30,70.25446319580078,0.0345937056063867,0.000525492843821831,1,1,SELL,HOLD,False,0,108487.36433410643,108487.36433410643,False,0.0
2008-10-31,70.64112091064453,0.0055036747454197,0.00017171129537035034,1,1,SELL,HOLD,False,0,108487.36433410643,108487.36433410643,False,0.0
2008-11-03,70.84539031982422,0.0028916501684348,0.0001026197391805504,1,1,SELL,HOLD,False,0,108487.36433410643,108487.36433410643,False,0.0
2008-11-04,73.25287628173828,0.0339822527767257,2.175745044464516e-06,1,1,SELL,HOLD,False,0,108487.36433410643,108487.36433410643,False,0.0
2008-11-05,70.1742172241211,-0.0420278248976373,3.4327677531265824e-05,1,1,SELL,HOLD,False,0,108487.36433410643,108487.36433410643,False,0.0
2008-11-06,66.28577423095703,-0.0554112770612776,0.0003537878441944144,1,1,SELL,HOLD,False,0,108487.36433410643,108487.36433410643,False,0.0
2008-11-07,68.47441864013672,0.0330183125198759,0.00035085613242224795,1,1,SELL,HOLD,False,0,108487.36433410643,108487.36433410643,False,0.0
2008-11-10,67.57708740234375,-0.0131046200261858,0.00021225591486119874,1,1,SELL,HOLD,False,0,108487.36433410643,108487.36433410643,False,0.0
2008-11-11,65.49061584472656,-0.0308754289038035,0.00017649501513604675,1,1,SELL,HOLD,False,0,108487.36433410643,108487.36433410643,False,0.0
2008-11-12,62.60892868041992,-0.0440015279614854,0.00023544773791372574,1,1,SELL,HOLD,False,0,108487.36433410643,108487.36433410643,False,0.0
2008-11-13,66.5119400024414,0.0623395321447513,0.0004895123192421631,1,1,SELL,HOLD,False,0,108487.36433410643,108487.36433410643,False,0.0
2008-11-14,63.19253921508789,-0.0499068405948115,0.0001413975945547277,1,1,SELL,HOLD,False,0,108487.36433410643,108487.36433410643,False,0.0
2008-11-17,62.35360336303711,-0.0132758686780302,0.0001330082393349328,1,1,SELL,HOLD,False,0,108487.36433410643,108487.36433410643,False,0.0
2008-11-18,63.52815628051758,0.0188369693831798,6.274008626951352e-05,1,1,SELL,HOLD,False,0,108487.36433410643,108487.36433410643,False,0.0
2008-11-19,59.45729446411133,-0.064079646801503,2.508714083789965e-06,1,1,SELL,HOLD,False,0,108487.36433410643,108487.36433410643,False,0.0
2008-11-20,55.04360961914063,-0.0742328571246178,0.00044233796918698604,1,1,SELL,HOLD,False,0,108487.36433410643,108487.36433410643,False,0.0
2008-11-21,58.012821197509766,0.0539428936240518,0.0005586969628637229,1,1,SELL,HOLD,False,0,108487.36433410643,108487.36433410643,False,0.0
2008-11-24,62.0325927734375,0.0692910893307889,0.0013666671130985863,1,1,SELL,HOLD,False,0,108487.36433410643,108487.36433410643,False,0.0
2008-11-25,62.49219131469727,0.0074089848692664,0.0011765037898752572,1,1,SELL,HOLD,False,0,108487.36433410643,108487.36433410643,False,0.0
2008-11-26,64.9069595336914,0.0386411192853501,0.000341404032809207,1,1,SELL,HOLD,False,0,108487.36433410643,108487.36433410643,False,0.0
2008-11-28,65.72405242919922,0.0125886792630254,4.7162195971339735e-05,1,1,SELL,HOLD,False,0,108487.36433410643,108487.36433410643,False,0.0
2008-12-01,59.902339935302734,-0.0885781122545339,0.0004058867550725943,1,1,SELL,HOLD,False,0,108487.36433410643,108487.36433410643,False,0.0
2008-12-02,62.20767211914063,0.0384848436025664,0.00039342075876216867,1,1,SELL,HOLD,False,0,108487.36433410643,108487.36433410643,False,0.0
2008-12-03,63.70322036743164,0.0240412186687637,0.00046283120782529005,1,1,SELL,HOLD,False,0,108487.36433410643,108487.36433410643,False,0.0
2008-12-04,62.22956466674805,-0.023133142911516,0.00024862257302793537,1,1,SELL,HOLD,False,0,108487.36433410643,108487.36433410643,False,0.0
2008-12-05,64.14826202392578,0.0308325691727517,0.0001034085560193176,1,1,SELL,HOLD,False,0,108487.36433410643,108487.36433410643,False,0.0
2008-12-08,66.3879165649414,0.0349137212818062,0.00012182997674355465,1,1,SELL,HOLD,False,0,108487.36433410643,108487.36433410643,False,0.0
2008-12-09,65.2936019897461,-0.0164836408764965,7.708586147113917e-05,1,1,SELL,HOLD,False,0,108487.36433410643,108487.36433410643,False,0.0
2008-12-10,65.73863220214844,0.0068158318555044,9.78477759487022e-05,1,1,SELL,HOLD,False,0,108487.36433410643,108487.36433410643,False,0.0
2008-12-11,64.1555404663086,-0.024081604420545,9.099324772241101e-05,1,1,SELL,HOLD,False,0,108487.36433410643,108487.36433410643,False,0.0
2008-12-12,64.92156219482422,0.0119400713164889,5.650146545910885e-05,1,1,SELL,HOLD,False,0,108487.36433410643,108487.36433410643,False,0.0
2008-12-15,64.01690673828125,-0.0139345916203952,1.1311753642309116e-06,1,1,SELL,HOLD,False,0,108487.36433410643,108487.36433410643,False,0.0
2008-12-16,67.02992248535156,0.0470659377434206,9.877121465954011e-05,1,1,SELL,HOLD,False,0,108487.36433410643,108487.36433410643,False,0.0
2008-12-17,66.380615234375,-0.0096868268215356,8.175307470003931e-05,1,1,SELL,HOLD,False,0,108487.36433410643,108487.36433410643,False,0.0
2008-12-18,65.1404037475586,-0.0186833382371871,8.289880837790222e-05,1,1,SELL,HOLD,False,0,108487.36433410643,108487.36433410643,False,0.0
2008-12-19,64.86021423339844,-0.0043013168178384,0.00010571356171344858,1,1,SELL,HOLD,False,0,108487.36433410643,108487.36433410643,False,0.0
2008-12-22,64.02912902832031,-0.0128134822695386,7.632393556029934e-05,1,1,SELL,HOLD,False,0,108487.36433410643,108487.36433410643,False,0.0
2008-12-23,63.36719512939453,-0.0103380119169356,6.966920773633066e-08,1,1,SELL,HOLD,False,0,108487.36433410643,108487.36433410643,False,0.0
2008-12-24,63.73497772216797,0.0058039904089557,4.761259677604402e-06,0,0,BUY,BUY,True,1702,10.432250976547948,108487.36433410643,False,0.0
2008-12-26,64.10267639160156,0.0057691817362275,2.3138932883622843e-05,1,1,SELL,SELL,False,0,109113.18746948241,109113.18746948241,False,0.005768626966073498
2008-12-29,63.91881561279297,-0.0028682231251218,1.8916000717388612e-05,1,1,SELL,HOLD,False,0,109113.18746948241,109113.18746948241,False,0.0
2008-12-30,65.43385314941406,0.0237025283102689,6.17651452453146e-06,1,1,SELL,HOLD,False,0,109113.18746948241,109113.18746948241,False,0.0
